{
    "requestable": [
        "address",
        "area",
        "food",
        "name",
        "phone",
        "price range",
        "postcode"
    ],    
    "informable": {
        "request": [
            "address",
            "area",
            "food",
            "name",
            "phone",
            "price range",
            "postcode"
        ],
        "food": [
            "अफ्रीकन",
            "साउथ इंडियन",
            "पंजाबी",
            "कोरियन",
            "सिंधी",
            "इंडोनेशियन",
            "बंगाली",
            "ऑस्ट्रेलियन",
            "मलेशियन",
            "यूरोपियन",
            "ब्राजीलियन",
            "शाकाहारी",
            "जैपनीज",
            "चाइनीस",
            "स्पेनिश",
            "अफगान",
            "फ्रेंच",
            "इंटरनेशनल",
            "मराठी",
            "इटालियन",
            "गुजराती",
            "राजस्थानी",
            "हैदराबादी बिरयानी",
            "सी फूड",
            "ब्रिटिश",
            "मेडिटरेनियन",
            "मैक्सिकन",
            "एशियन ओरिएंटल",
            "तुर्किश",
            "नेपाली",
            "नॉन वेज",
            "देशी",
            "लखनवी",
            "आलू भरे पराठे"
        ],
        "price range": [
            "सस्ता",
            "मध्यम",
            "महंगा"
        ],        
        "area": [
            "केंद्र",
            "दक्षिण",
            "पश्चिम",
            "पूर्व",
            "उत्तर"
        ]
    }
}